message_id,session_id,user_id,timestamp,role,content,intent,sentiment,extracted_info,response_time_ms
399ec4b0-16b7-468d-b62c-6c8e53eba5be,streamlit_542bb6aa,,2025-09-05T14:56:49.197688,user,oi,greeting,,,
e467b0ff-45d6-4a61-a7dc-69d8cf62331a,streamlit_542bb6aa,,2025-09-05T14:56:49.199555,assistant,"Boa tarde! Eu sou Timmy, assistente de nossa empresa. Como posso ajudar você hoje?",greeting,,,
6f5557a6-0dcc-46fa-84e5-dc5f4a2562e6,streamlit_248e2c44,,2025-09-05T15:01:00.971949,user,Olá,greeting,,,
ff4a640b-1200-49ad-9428-37b5b75ac37c,streamlit_248e2c44,,2025-09-05T15:01:00.974101,assistant,"Boa tarde! Eu sou Timmy, assistente de nossa empresa. Como posso ajudar você hoje?",greeting,,,
f2f7aa68-11b7-4f0a-a473-837c8f2c900f,streamlit_248e2c44,,2025-09-05T15:01:19.032832,user,"Olá Timmy, o que você me conta da vida?",greeting,,,
07d70d5c-a61b-4967-b12d-f837f9a99f12,streamlit_248e2c44,8bcc3cac-daf7-4a07-8397-2bb96c0dff43,2025-09-05T15:01:21.688961,assistant,Olá! Estou aqui para ajudar com informações sobre nossa empresa ou qualquer dúvida que você tenha.,greeting,,,
cf4b5607-12f0-4201-b085-adba3f434fe6,streamlit_248e2c44,8bcc3cac-daf7-4a07-8397-2bb96c0dff43,2025-09-05T15:01:21.691724,assistant,Como posso assisti-lo hoje?,greeting,,,
cca3f05c-aad6-41a0-9a8f-8ca738677ec2,streamlit_248e2c44,8bcc3cac-daf7-4a07-8397-2bb96c0dff43,2025-09-05T15:01:35.305468,user,"Me chamo Izael, sou cientista de dados",general,,,
ec159150-47e8-4943-90be-ae6b5a665758,streamlit_248e2c44,8bcc3cac-daf7-4a07-8397-2bb96c0dff43,2025-09-05T15:01:37.338375,assistant,"Olá, Izael! É um prazer conhecê-lo. Como posso ajudar você hoje em relação à ciência de dados?",general,,,
ffc5fee9-b572-4889-886b-28914028f548,streamlit_248e2c44,8bcc3cac-daf7-4a07-8397-2bb96c0dff43,2025-09-05T15:01:50.107955,user,O que você entende de ciência de dados?,help_request,,,
4bd21c6f-a5eb-4c05-987b-0cf654a347f6,streamlit_248e2c44,8bcc3cac-daf7-4a07-8397-2bb96c0dff43,2025-09-05T15:01:51.674148,assistant,"Olá, Izael! Ciência de dados envolve coletar, processar e analisar dados para extrair insights.",help_request,,,
445533e3-3a08-4c60-8ad3-29d3fc041fd1,streamlit_248e2c44,8bcc3cac-daf7-4a07-8397-2bb96c0dff43,2025-09-05T15:01:51.677394,assistant,"É uma combinação de estatística, programação e conhecimento de domínio.",help_request,,,
255cb8d8-b7a5-42dc-840b-dc70ee4c60f6,streamlit_248e2c44,8bcc3cac-daf7-4a07-8397-2bb96c0dff43,2025-09-05T15:01:51.679132,assistant,"Como cientista de dados, você utiliza essas habilidades para resolver problemas e tomar decisões informadas.",help_request,,,
ebc6e11f-cec7-4f63-9a72-b8226676c36d,streamlit_248e2c44,8bcc3cac-daf7-4a07-8397-2bb96c0dff43,2025-09-05T15:01:51.680638,assistant,"Se precisar de mais informações específicas, estou à disposição!",help_request,,,
8ff22229-ea1f-4b3c-a79f-98ebae036d04,streamlit_248e2c44,8bcc3cac-daf7-4a07-8397-2bb96c0dff43,2025-09-05T15:02:32.297857,user,"Entendi, timmy, e você é um agente IA, eu posso te programar para ser outra persona?",general,,,
3ee255d1-e6bd-482a-a9c6-224c0bc3f247,streamlit_248e2c44,8bcc3cac-daf7-4a07-8397-2bb96c0dff43,2025-09-05T15:02:33.963958,assistant,"Olá, Izael! Eu sou um assistente virtual e não posso ser reprogramado por usuários.",general,,,
e0ae5a3d-fcb5-4807-b1ec-2e452deadf98,streamlit_248e2c44,8bcc3cac-daf7-4a07-8397-2bb96c0dff43,2025-09-05T15:02:33.969265,assistant,Posso ajudar com suas dúvidas ou tarefas. Como posso te ajudar hoje?,general,,,
4fb5456d-36d2-4a79-a1a5-59ccaa8d1371,streamlit_248e2c44,8bcc3cac-daf7-4a07-8397-2bb96c0dff43,2025-09-05T15:02:52.862614,user,Me ajude a construir um script,general,,,
4e4c7881-46ab-4180-a03d-5d2fd0aba3e5,streamlit_248e2c44,8bcc3cac-daf7-4a07-8397-2bb96c0dff43,2025-09-05T15:02:54.238442,assistant,"Claro, Izael! Que tipo de script você precisa construir?",general,,,
711ba63f-13b1-4d38-ac7b-41c25e3059d3,streamlit_248e2c44,8bcc3cac-daf7-4a07-8397-2bb96c0dff43,2025-09-05T15:02:54.241653,assistant,Poderia me dar mais detalhes sobre o objetivo e a linguagem de programação?,general,,,
d447eb5c-db99-4e69-9a3f-e481e187b244,streamlit_248e2c44,8bcc3cac-daf7-4a07-8397-2bb96c0dff43,2025-09-05T15:03:43.531204,user,Obrigado timmy,farewell,,,
fe35b3fc-32bd-4f95-8688-dd358c2ea668,streamlit_248e2c44,8bcc3cac-daf7-4a07-8397-2bb96c0dff43,2025-09-05T15:03:44.719427,assistant,"Olá, Izael! De nada! Como posso te ajudar hoje? Se tiver alguma dúvida ou precisar de informações, estou à disposição.",farewell,,,
de025b19-0c7e-42e9-969b-2869e6935a04,streamlit_248e2c44,8bcc3cac-daf7-4a07-8397-2bb96c0dff43,2025-09-05T15:03:54.535806,user,Tchau,farewell,,,
5059cac5-1b1b-488a-9613-6387e1f73551,streamlit_248e2c44,8bcc3cac-daf7-4a07-8397-2bb96c0dff43,2025-09-05T15:03:56.288547,assistant,"Tchau, Izael! Se precisar de algo no futuro, estou à disposição. Tenha um ótimo dia!",farewell,,,
